loss,acc,categorical_accuracy,val_loss,val_acc,val_categorical_accuracy,param_index
0.6349682775294893,0.666615903377533,0.355643630027771,0.6380195574620791,0.666666567325592,0.32852238416671753,6
0.6351053997325682,0.6662151217460632,0.35438016057014465,0.6369030139789149,0.666666567325592,0.3231891095638275,8
0.6339820822527984,0.6666659116744995,0.35428881645202637,0.6350306250972941,0.666666567325592,0.35208699107170105,3
0.6338745890423172,0.6665144562721252,0.35644763708114624,0.6339781276320332,0.6666665077209473,0.3651220500469208,5
0.6353150237779119,0.6666659116744995,0.34976139664649963,0.6358438605512171,0.666666567325592,0.34890398383140564,1
0.6353214215711009,0.6666659116744995,0.3564692437648773,0.6395727657068837,0.666666567325592,0.325017511844635,2
