loss,acc,categorical_accuracy,val_loss,val_acc,val_categorical_accuracy,param_index
0.6347921179644863,0.6666659116744995,0.3520038425922394,0.635023979189855,0.666666567325592,0.35671693086624146,3
0.6355680080339707,0.666655957698822,0.34879741072654724,0.6392048350322942,0.666666567325592,0.32712113857269287,6
0.6442325485190883,0.6612299084663391,0.3558084964752197,0.6390485833722056,0.666666567325592,0.33167484402656555,7
0.6413002690737303,0.6633207201957703,0.3488675355911255,0.6377993146775256,0.6666665077209473,0.3271312415599823,5
0.6345943605693815,0.6666759848594666,0.35257700085639954,0.637073544225973,0.666666567325592,0.3424023687839508,8
